group_id,source,n_images,n_plates,original_train,original_test
g_f4cfdc3c3900d3c2,uc3m,406,689,314,92
g_2d2ad90e5c5e63aa,uc3m,36,57,31,5
g_83ae8f5ba117fee3,uc3m,18,36,17,1
g_f63e6c473156bdf4,uc3m,14,21,12,2
g_a36330f1784654ef,uc3m,12,25,11,1
g_b9aa2582ead1fb65,uc3m,12,16,12,0
g_1580c0403da19b96,uc3m,11,16,6,5
g_f8086cf86b742658,uc3m,11,16,6,5
g_9ac94bd3810a499f,uc3m,10,11,9,1
g_230e2a4e8128540f,uc3m,9,15,7,2
g_580a191b79148bd2,uc3m,9,12,8,1
g_e954481018e268bd,uc3m,9,12,7,2
g_ea064e458adbb827,uc3m,9,10,9,0
g_1f0d87e61ba9cbc0,uc3m,8,17,5,3
g_66ae57a29dc4b138,uc3m,8,12,7,1
g_8bdd3db6525857fd,uc3m,8,13,5,3
g_3f4428c2998c91e4,uc3m,7,12,5,2
g_c4ee0d22d46aa082,uc3m,7,9,5,2
g_1f68e64850f17025,uc3m,6,7,6,0
g_5ff5751b7e4b77af,uc3m,6,11,4,2
g_6390ec33ba7bae1f,uc3m,6,7,6,0
g_83271f571e22f57d,uc3m,6,6,5,1
g_9f1babe1cbd56df3,uc3m,6,7,6,0
g_ae84da237b06f063,uc3m,6,9,4,2
g_bd4d825953b82caa,uc3m,6,7,6,0
g_c1228c235d633d4d,uc3m,6,7,5,1
g_ef5d111facb0cb8d,uc3m,6,8,4,2
g_0394434f293ce29c,cv,5,5,0,0
g_03e3b6d36d6bfb45,uc3m,5,5,5,0
g_214203642eceef1d,uc3m,5,6,4,1
g_2dceb6a1e3e65c89,uc3m,5,6,3,2
g_6aaa97083ce4fed4,uc3m,5,7,4,1
g_a1ff654a7fa655af,uc3m,5,6,5,0
g_aa7644a90f4f2033,uc3m,5,6,5,0
g_adf0d592e4b30570,uc3m,5,6,5,0
g_d63153a3c888b893,uc3m,5,6,5,0
g_e4969af7e6230d58,uc3m,5,5,3,2
g_e697f073b7b1bee1,uc3m,5,8,3,2
g_0aee3a0464839552,uc3m,4,6,4,0
g_277f1159ce8383e3,cv,4,4,0,0
g_3a8729692c21afec,uc3m,4,5,3,1
g_49bd858aca235d6b,uc3m,4,7,4,0
g_5afe46c1e616f0a8,uc3m,4,5,3,1
g_7368f398c2f5d71c,cv,4,4,0,0
g_7439df94808ac191,uc3m,4,4,3,1
g_7e1ee563113ab16f,cv,4,4,0,0
g_87041999c1879847,uc3m,4,6,1,3
g_9777e29bfd593269,uc3m,4,5,4,0
g_9ca82643dd52eb4b,uc3m,4,5,3,1
g_a2fc7d8588e8d4f5,uc3m,4,5,2,2
g_a8edc773fa122aaf,uc3m,4,4,3,1
g_acdf9d1e63afd582,cv,4,4,0,0
g_b9cca63e547959bf,uc3m,4,4,4,0
g_bb2cc4ae2de16143,uc3m,4,4,2,2
g_be8603013397937f,uc3m,4,5,4,0
g_c0353cc21bf73605,uc3m,4,5,4,0
g_c317d7429409bf61,uc3m,4,6,3,1
g_cb5d42a95c88789e,uc3m,4,6,4,0
g_cfdd58acfc72e423,uc3m,4,8,3,1
g_d1931177dd8ff62b,uc3m,4,7,4,0
g_d6d42f59eb4715c0,uc3m,4,5,4,0
g_db48305c52b81e13,uc3m,4,4,3,1
g_dbedc707a2e3b85e,uc3m,4,8,3,1
g_dcad4d3308c74d24,uc3m,4,5,4,0
g_e0dc0898b6a91858,uc3m,4,5,4,0
g_f0e963fe06316b84,uc3m,4,4,3,1
g_fb5ebad9c30cf86d,uc3m,4,5,4,0
g_017aa27d6ddedc6f,uc3m,3,3,2,1
g_090c02fcf3b7cf56,uc3m,3,4,3,0
g_0afeebbb3301f978,uc3m,3,5,2,1
g_0f438c3ccd3331a9,uc3m,3,3,3,0
g_0fef6a991fc155a0,uc3m,3,3,3,0
g_17789b421391d506,uc3m,3,3,3,0
g_1f7b3cb1fc8a66f0,uc3m,3,3,3,0
g_273028a430aea586,uc3m,3,3,1,2
g_276eb52d3d14888a,uc3m,3,3,1,2
g_2bdfda99c452d370,uc3m,3,6,1,2
g_2d0c47a8bd5d4258,uc3m,3,4,3,0
g_2e386f7f61387ebb,uc3m,3,3,3,0
g_32017e2589cd5f7f,uc3m,3,3,1,2
g_3565ead3c1729268,uc3m,3,3,3,0
g_5642614f5c4775bf,uc3m,3,3,1,2
g_6113803fb1117fb5,uc3m,3,4,2,1
g_6794dbde95084d24,uc3m,3,3,2,1
g_7e2e965693363981,uc3m,3,3,3,0
g_7f4c685a8be77161,cv,3,3,0,0
g_7f4ed6de8ae25ec9,uc3m,3,3,1,2
g_8fcfb95a807f0a47,uc3m,3,4,2,1
g_92c99f387835d2f6,uc3m,3,4,2,1
g_9d4908ef77be88d2,uc3m,3,3,0,3
g_9eddf3ca72efbbdb,uc3m,3,4,3,0
g_ab0c8b29908a771e,uc3m,3,3,1,2
g_ad4a088ff40160cf,uc3m,3,3,1,2
g_bb4bf7c771b64bdc,uc3m,3,3,3,0
g_cf2bc8f1648a356b,cv,3,3,0,0
g_dd36d2a1a38ff1b4,uc3m,3,3,2,1
g_e1ff61595883dda9,uc3m,3,4,1,2
g_e44d886359bfef04,uc3m,3,4,3,0
g_e513a7bc141a0916,uc3m,3,5,3,0
g_e8a4da810cc9899a,uc3m,3,4,2,1
g_e9da815b88d5cf62,uc3m,3,3,2,1
g_f81eca25ef94684e,uc3m,3,4,1,2
g_fa37d6399b69003b,uc3m,3,3,2,1
g_fa3970479cb91da7,uc3m,3,8,2,1
g_fda7c4ac9a53c5ca,uc3m,3,5,3,0
g_003967677d8c9593,uc3m,2,3,1,1
g_015b937769ea72d8,uc3m,2,3,2,0
g_0841247a9df64cc2,uc3m,2,2,2,0
g_0aef3f6293bb5357,uc3m,2,3,2,0
g_0d8a111338bb81f6,uc3m,2,2,2,0
g_0d8b69c521cb3b8a,uc3m,2,3,0,2
g_16824139835dae46,uc3m,2,2,2,0
g_1743d1eb00f6f58a,uc3m,2,2,0,2
g_1756d76d4ebcce0a,uc3m,2,2,1,1
g_1d6ef6067d5ccd56,uc3m,2,2,2,0
g_1e97201a204de209,uc3m,2,3,2,0
g_1f0ffa9023182c94,uc3m,2,2,2,0
g_2255e51bf848a05d,uc3m,2,3,1,1
g_24f9fd1c1659167c,uc3m,2,2,2,0
g_26f8c0b723fd70c9,uc3m,2,2,2,0
g_2736587c1d871eee,uc3m,2,2,2,0
g_28c270f07a2ecfdb,uc3m,2,2,1,1
g_29ae430de58c80df,cv,2,2,0,0
g_2cb167b102dd921e,uc3m,2,2,2,0
g_312c33aee2a08820,uc3m,2,2,2,0
g_32314947ebbbc39f,uc3m,2,3,2,0
g_32ebcb5e1d938ce6,cv,2,2,0,0
g_3707c7e2869203bf,uc3m,2,2,1,1
g_39869c643527b7ce,cv,2,2,0,0
g_3b1a1bf86102b810,uc3m,2,2,1,1
g_3f66a52f545109be,uc3m,2,3,2,0
g_457b4ae613d710aa,uc3m,2,2,2,0
g_464bf6623ec08c84,uc3m,2,3,1,1
g_46ea5cdf181a6252,uc3m,2,3,2,0
g_475c9dc50d695581,cv,2,2,0,0
g_4d15b22ae44f04a9,uc3m,2,2,2,0
g_4eb97eb9c269f710,uc3m,2,2,2,0
g_502fcbdb4a6e309e,uc3m,2,4,1,1
g_557da73051864ee4,uc3m,2,2,1,1
g_564e0b8998844eb7,uc3m,2,3,2,0
g_5700621a9fb114f9,cv,2,2,0,0
g_58f9ba9d6f693f59,uc3m,2,3,1,1
g_59c62ab3309f8134,uc3m,2,2,2,0
g_603a109a52692438,uc3m,2,2,2,0
g_6140090251ea361e,uc3m,2,4,2,0
g_6159ba5966db9a9a,uc3m,2,3,2,0
g_65254900363ea2b6,uc3m,2,2,2,0
g_678483645275dc54,uc3m,2,3,1,1
g_680a407d4782c4f4,cv,2,2,0,0
g_6a160d8996eab0e7,uc3m,2,2,2,0
g_6a6ab2aac5f67a0f,uc3m,2,2,1,1
g_6b2c5def79bd6a5c,uc3m,2,2,2,0
g_6cc0909dcbac7b5b,uc3m,2,2,2,0
g_6d5d1b36fe17dfff,uc3m,2,3,2,0
g_6e1c37d298127f44,uc3m,2,2,2,0
g_70df62612d6a0dd5,cv,2,2,0,0
g_71dabbb44af59b41,uc3m,2,2,1,1
g_75948f0bdf3418ed,cv,2,2,0,0
g_77c8cec6ee7ebc08,uc3m,2,7,2,0
g_7acbe4a88f9f98c0,uc3m,2,2,1,1
g_7bef83b0b269d2ec,uc3m,2,3,1,1
g_7cad71e343c04766,uc3m,2,3,2,0
g_7d1adb4d8037d4f7,uc3m,2,2,0,2
g_8084bc772912575f,uc3m,2,2,1,1
g_80f9dbe67dcbbb0a,uc3m,2,2,1,1
g_833a6ad539c28799,uc3m,2,2,1,1
g_83b02c9a879496a2,uc3m,2,2,2,0
g_86e97cfb9f165cdb,uc3m,2,2,2,0
g_88b4f99ea1d38505,uc3m,2,3,1,1
g_88e4fcb5d16c31e8,cv,2,2,0,0
g_8f56fe98d8585d91,uc3m,2,2,2,0
g_95d2d33453f7d073,uc3m,2,2,1,1
g_9678fb1424b36e25,uc3m,2,2,2,0
g_975a16bc12ffd1f2,uc3m,2,2,1,1
g_97f18ba5e5853a57,uc3m,2,2,2,0
g_980a3a82732d38f0,uc3m,2,2,2,0
g_9b1f16c8f800422b,uc3m,2,2,2,0
g_9c7b02e054d69938,uc3m,2,2,1,1
g_9d5f5dd82accc91f,uc3m,2,3,2,0
g_9ee66c1f60cabacf,uc3m,2,2,2,0
g_a0bfaa86e36ec071,uc3m,2,2,1,1
g_a3bbc87b15eefb0f,uc3m,2,2,2,0
g_a44b008226ef47a9,uc3m,2,2,2,0
g_a48b21db69ab521d,uc3m,2,2,2,0
g_ab3fbae322d6aa27,uc3m,2,2,2,0
g_abdb3f0d916a5dc8,uc3m,2,2,2,0
g_ae1c8c8a5157f30d,uc3m,2,2,2,0
g_ae83e88f7f2abdc0,uc3m,2,2,1,1
g_af545d5ef418b45d,uc3m,2,4,2,0
g_b0b6c960b63e5fed,uc3m,2,3,1,1
g_b38f58b9761d6819,uc3m,2,2,2,0
g_b5218fc4f7782fd5,cv,2,2,0,0
g_b5731532f5efdb3a,uc3m,2,3,0,2
g_b744ccc6e052e7c5,uc3m,2,3,2,0
g_b7c02cfbbc36da49,uc3m,2,2,2,0
g_b7fe7d65df7eb34f,uc3m,2,2,1,1
g_b9ed5f5d7f8c7642,uc3m,2,2,2,0
g_bb93fe1a42225c2c,cv,2,2,0,0
g_c2f96a6ace95f689,uc3m,2,2,2,0
g_c4e5bca7aff8b8de,uc3m,2,2,2,0
g_c626de63d6c82b24,uc3m,2,2,2,0
g_ca8b9e80f1983347,uc3m,2,3,2,0
g_cab25b4e111ee229,uc3m,2,2,0,2
g_cb5cb2a043c266fc,uc3m,2,2,1,1
g_cd9c24cfd91d5dd4,cv,2,2,0,0
g_ce2f7f6e30333adf,uc3m,2,2,1,1
g_cecb595b71c934d4,uc3m,2,2,2,0
g_d214e0e348469bc9,uc3m,2,3,2,0
g_d2b5087aa348ee90,uc3m,2,2,2,0
g_d30a3049e79bfee9,cv,2,2,0,0
g_d55e1408d8b1d3c6,uc3m,2,2,2,0
g_d6881f77d009cf84,uc3m,2,2,1,1
g_db9dcb4df4a9b09b,uc3m,2,3,2,0
g_dbfb1dd186c62510,uc3m,2,2,2,0
g_e15a37e33d24ea49,uc3m,2,2,2,0
g_e3988ff80f746a5c,uc3m,2,2,1,1
g_e6e25630dbf0c4b7,uc3m,2,2,2,0
g_e82ade758091fe84,uc3m,2,2,2,0
g_e8c6cf8d1611c9a2,cv,2,2,0,0
g_e953d1bcbfcfa9ea,uc3m,2,3,1,1
g_ea2f4fcb5ac7a317,uc3m,2,2,2,0
g_ec9ae9e2b2198d46,uc3m,2,3,2,0
g_ecc99e3615aac864,uc3m,2,2,2,0
g_f2e2ba4d588a21a4,uc3m,2,2,0,2
g_f3086063c2f08bb6,uc3m,2,3,2,0
g_f6e8daced5ec39af,uc3m,2,2,2,0
g_fb4d197f47154192,uc3m,2,3,1,1
g_fd8fa20e35a361ef,uc3m,2,2,2,0
g_fdf3e89298f98898,cv,2,2,0,0
g_ff88b29a970aa699,uc3m,2,2,1,1
g_ffa52268b1d7e168,uc3m,2,2,2,0
g_00c16f5c2b91ddd7,uc3m,1,1,1,0
g_00dafcb5a0922bbb,uc3m,1,1,1,0
g_011e6ef32d0c8209,uc3m,1,1,1,0
g_012b2e3bc4717079,uc3m,1,1,1,0
g_01fc93b056a64b58,uc3m,1,1,0,1
g_020d17ea7cf8f48d,uc3m,1,1,1,0
g_033d06c0e216dd5b,uc3m,1,1,1,0
g_037cf302f610ece5,uc3m,1,1,1,0
g_039542272b8eb35d,uc3m,1,3,1,0
g_0398aaddde83ce68,cv,1,1,0,0
g_03cd15efc2345d87,uc3m,1,2,1,0
g_03eed08d7ef15e2e,uc3m,1,1,1,0
g_042bfe5aec5ad0a4,uc3m,1,2,0,1
g_046478c0750d32f6,uc3m,1,1,1,0
g_0495ead3bdd2d6c3,uc3m,1,1,1,0
g_04f891e3a619a75d,uc3m,1,1,1,0
g_0517a8fef7ff5382,uc3m,1,1,1,0
g_05713e63f1350ed8,uc3m,1,1,1,0
g_057a8fe0b59502da,uc3m,1,1,1,0
g_06e0ff101714715e,uc3m,1,1,0,1
g_07013c75bd4b0cab,uc3m,1,1,0,1
g_072a6bfb40d747e5,uc3m,1,1,1,0
g_072e2a674765eacf,uc3m,1,1,1,0
g_0739e8b3f9437474,uc3m,1,1,1,0
g_08104aa81a9478e3,uc3m,1,1,1,0
g_08abb331d30cfc83,uc3m,1,1,1,0
g_08d397fbcf243def,uc3m,1,1,1,0
g_08d8792f01ab60de,uc3m,1,1,1,0
g_09232700f05ecdaa,uc3m,1,1,1,0
g_0972b6171a72f49e,uc3m,1,1,1,0
g_09a89a78e67328ba,uc3m,1,1,1,0
g_0a4c794a24046bf2,uc3m,1,1,1,0
g_0aba58a16a6a1ec9,uc3m,1,1,1,0
g_0b26d05c94680e1b,uc3m,1,1,1,0
g_0b4d166cb6f166ad,uc3m,1,1,1,0
g_0b6c514e23ea167a,uc3m,1,1,0,1
g_0b9be6a472916c6e,uc3m,1,1,1,0
g_0c0c0ffaeed97bf4,uc3m,1,1,1,0
g_0c26ad1689f1db48,cv,1,1,0,0
g_0c63be3816d4c22e,uc3m,1,1,1,0
g_0cf5bfc272e8447c,cv,1,1,0,0
g_0d3f0f573cd9faa8,uc3m,1,1,1,0
g_0df3c4a6c8beeee0,cv,1,1,0,0
g_0df659fb96bfe944,cv,1,1,0,0
g_0e31088916e11dde,cv,1,1,0,0
g_0e9e61a801a6b084,uc3m,1,1,1,0
g_0eab83ce596db867,uc3m,1,1,1,0
g_0efeeff2c6f79c64,uc3m,1,1,1,0
g_0f14e59ce1982c2e,uc3m,1,1,1,0
g_0f1558b5a1b288f2,uc3m,1,1,1,0
g_0f36223fe4e11814,uc3m,1,1,1,0
g_0f4167fcfd4602aa,uc3m,1,1,1,0
g_0fab81e637b60619,cv,1,1,0,0
g_1004881cc49bffdc,uc3m,1,1,1,0
g_107ab420bd194b53,uc3m,1,1,0,1
g_10e056f6e7b15e6f,uc3m,1,1,1,0
g_11286a3bb5b3f16b,uc3m,1,1,1,0
g_117d05648e4096fc,uc3m,1,1,1,0
g_11ba3cca6815d85e,uc3m,1,1,1,0
g_11d68bad719deb9d,uc3m,1,1,1,0
g_11da0328ac916bc3,uc3m,1,1,0,1
g_12507700c4e27ef4,uc3m,1,1,0,1
g_12b0244ace1eeb09,uc3m,1,1,1,0
g_13210fd980886052,uc3m,1,1,0,1
g_134d92f1b8870e92,uc3m,1,1,1,0
g_136e2f1dfefa8a2d,uc3m,1,1,1,0
g_13acec68d6e63d41,uc3m,1,1,1,0
g_13be725a1e0c16de,uc3m,1,1,1,0
g_13caadef5aaf09ac,uc3m,1,1,1,0
g_141f1ae954b80131,uc3m,1,1,1,0
g_142bb918a4d7df43,uc3m,1,1,1,0
g_1474fe863ffce91f,uc3m,1,1,0,1
g_147948eedfc99879,uc3m,1,1,1,0
g_1487f14eaa20f9a0,uc3m,1,1,1,0
g_1512a85a333a1a3c,uc3m,1,1,1,0
g_15862eeafc5f1b97,uc3m,1,1,0,1
g_159310b99c126c3d,uc3m,1,1,0,1
g_161766f54efecc1f,uc3m,1,1,0,1
g_165d2afaa1f5aaeb,uc3m,1,1,1,0
g_166585cbe4bb5790,uc3m,1,1,1,0
g_1707405259c103dc,uc3m,1,1,1,0
g_179a0f804644bb4c,uc3m,1,1,0,1
g_17d8df1c7d99eebb,uc3m,1,1,1,0
g_1828e214e8da119b,uc3m,1,1,0,1
g_18555c4cbe6f01ba,uc3m,1,1,1,0
g_185c91c962627742,uc3m,1,1,0,1
g_18b3b1074e236f2f,uc3m,1,1,1,0
g_198f5ad19888db40,uc3m,1,1,1,0
g_19a0204a18559ae9,uc3m,1,1,1,0
g_19b45ba50f0778fd,uc3m,1,1,1,0
g_19d81d8ab0c6f565,uc3m,1,1,1,0
g_1a238ab5e4af9042,uc3m,1,1,1,0
g_1a4f48270f6fff1e,uc3m,1,1,1,0
g_1a5d1d33d2194279,cv,1,1,0,0
g_1a78a211fb8ce450,uc3m,1,1,1,0
g_1afde229f715156b,uc3m,1,2,1,0
g_1b08e922e439c182,cv,1,1,0,0
g_1b1832f3503c86bc,uc3m,1,1,1,0
g_1b52b914a0e490b3,uc3m,1,1,1,0
g_1bf238af44023fa1,uc3m,1,1,1,0
g_1c738f6e86349f6d,uc3m,1,2,1,0
g_1c9a15a948802e1e,uc3m,1,1,0,1
g_1cb44c27226db6aa,cv,1,1,0,0
g_1cc6185d6c0722e7,uc3m,1,1,0,1
g_1cfb383e008fa09d,uc3m,1,1,1,0
g_1d30970fcdd73541,uc3m,1,2,1,0
g_1d89cef50ce7df18,uc3m,1,2,1,0
g_1e0c51ba43322867,uc3m,1,1,0,1
g_2008d11621ae64a1,cv,1,1,0,0
g_201efa178e79c545,uc3m,1,1,1,0
g_20d184c72120ca53,uc3m,1,2,1,0
g_211688dd94356881,uc3m,1,1,1,0
g_21900950d4eb2306,uc3m,1,1,1,0
g_223080cce5785456,uc3m,1,1,1,0
g_2240ba13e56a4dc9,uc3m,1,1,1,0
g_22846a3d360bf0bc,uc3m,1,1,1,0
g_228cfa24af9d2d24,uc3m,1,1,1,0
g_22c30033f5f80741,uc3m,1,1,1,0
g_239f6d7028377f8d,uc3m,1,1,1,0
g_2412673ee262a31f,uc3m,1,1,1,0
g_24133d453dddc14a,uc3m,1,1,0,1
g_2438c596b807f186,uc3m,1,2,1,0
g_2446d817e926f91d,uc3m,1,1,1,0
g_24dd4d4e6b61dab1,uc3m,1,1,1,0
g_2634685611d05954,uc3m,1,1,0,1
g_264d0307dbe5f996,uc3m,1,1,1,0
g_2665aaec4dccdaa5,uc3m,1,1,0,1
g_26a9bb9d8833411a,uc3m,1,1,1,0
g_26eb06d13e05074d,uc3m,1,1,1,0
g_27033397c738a48f,uc3m,1,2,1,0
g_275023b6d742bd23,uc3m,1,1,1,0
g_2753637276473e50,uc3m,1,1,1,0
g_27924de0dce567cb,uc3m,1,1,1,0
g_27ad1ef8e658845d,uc3m,1,1,1,0
g_27b86c954d814bb1,uc3m,1,2,1,0
g_282ab8f084933b3d,uc3m,1,1,1,0
g_286e141dd8cf042e,uc3m,1,1,1,0
g_28833c9ccbfb9ddf,uc3m,1,1,1,0
g_28af0a82a13fda2b,uc3m,1,1,1,0
g_28b92d76cb44bf37,uc3m,1,1,1,0
g_29679f544cec10f3,uc3m,1,1,1,0
g_296df5178a1851ff,uc3m,1,1,0,1
g_2a6c45a58ae36fdc,uc3m,1,1,0,1
g_2ab40ee676bfda1a,uc3m,1,1,1,0
g_2ad0fb66492c8c94,uc3m,1,2,1,0
g_2b214e141e54dd43,uc3m,1,1,0,1
g_2b86b94de2b07d01,uc3m,1,1,1,0
g_2bbbf150cc8e8f75,uc3m,1,1,0,1
g_2bca3ae7aa74ce8f,uc3m,1,1,0,1
g_2bcb19c0a4ddcfce,uc3m,1,1,0,1
g_2bf21165b52dd6d5,uc3m,1,1,1,0
g_2c0fed6c46311683,uc3m,1,3,1,0
g_2c75cd8944463a44,uc3m,1,1,1,0
g_2cfeb0262d493d06,uc3m,1,1,1,0
g_2d0629130285ba4a,uc3m,1,1,1,0
g_2d299bd0673e04d4,uc3m,1,1,1,0
g_2d6bb5a19ee774e9,uc3m,1,1,1,0
g_2dcc4521e81b8733,uc3m,1,1,1,0
g_2de94025286dcf6b,uc3m,1,1,1,0
g_2df3f494505c4cd6,uc3m,1,1,0,1
g_2dff9055934e406b,uc3m,1,2,0,1
g_2e2199cff1e96d16,uc3m,1,1,1,0
g_2e4639fc381588b4,uc3m,1,1,0,1
g_2ea7e13e08166034,uc3m,1,1,0,1
g_2f0d294a48fbb812,uc3m,1,1,1,0
g_2f32eab3548ef62b,uc3m,1,1,1,0
g_2f4e2c350c05f648,uc3m,1,1,1,0
g_2f9ae78dd05b5f16,uc3m,1,1,1,0
g_2fc142705d213198,uc3m,1,1,1,0
g_306ff79f0b00fc32,uc3m,1,1,1,0
g_31b406b23de0f030,uc3m,1,1,0,1
g_3227bcf94775de19,uc3m,1,1,1,0
g_325817b0da3ce637,uc3m,1,1,1,0
g_3267ba683dd984ab,uc3m,1,1,1,0
g_32881211d72a7ebc,uc3m,1,1,0,1
g_3310c68b7a01a0c0,uc3m,1,1,1,0
g_334bb6075c1d04b8,uc3m,1,1,1,0
g_339ae7b778813502,uc3m,1,1,0,1
g_33dec4e324057667,uc3m,1,1,1,0
g_348e5f6afba5aedf,uc3m,1,1,1,0
g_3508f7ebed9213e2,uc3m,1,1,0,1
g_3524d75100b14cc6,uc3m,1,1,1,0
g_35f3ba3f8fa8f8da,uc3m,1,1,1,0
g_368ed23a0052492d,uc3m,1,1,1,0
g_372eaa5fb5c1f0ea,uc3m,1,1,1,0
g_3758d32e9549af02,uc3m,1,1,1,0
g_378fa1fa38965b10,uc3m,1,1,0,1
g_381c6879eb9562b0,uc3m,1,1,1,0
g_387bebfef2be21ef,cv,1,1,0,0
g_38f2980c265a9dee,uc3m,1,1,1,0
g_38fd978aecd06c74,uc3m,1,1,1,0
g_39123b7262be4397,uc3m,1,2,1,0
g_3967c6dbcfef2916,uc3m,1,1,0,1
g_398a40e22791007f,uc3m,1,1,1,0
g_39a765a17e755f8d,cv,1,1,0,0
g_3a7246ba9cef205a,uc3m,1,1,1,0
g_3ac7d3e44d4e5109,uc3m,1,1,1,0
g_3b6f8567acd77b95,uc3m,1,1,1,0
g_3bbc7bf16d85e4fa,uc3m,1,1,1,0
g_3c3d25882f735100,uc3m,1,1,1,0
g_3cacf9a85c8f93bb,uc3m,1,1,1,0
g_3d25c5606232d0fd,uc3m,1,1,1,0
g_3dc7d5715b240cfe,uc3m,1,1,1,0
g_3e72e21d47acd397,uc3m,1,1,1,0
g_3e94fb94d39c0ccd,cv,1,1,0,0
g_3f9c78b8c0748d16,uc3m,1,1,1,0
g_3fa0afaf081864b7,uc3m,1,1,0,1
g_40a46c0362e8367e,uc3m,1,1,1,0
g_40f106286f2e9765,uc3m,1,2,0,1
g_40f6206a4b435738,uc3m,1,1,0,1
g_4127f0094ea40c95,uc3m,1,1,1,0
g_4150d5a46c487508,uc3m,1,1,1,0
g_42130e30b19f2c3d,uc3m,1,1,1,0
g_424befa805e556a8,uc3m,1,1,0,1
g_42d05f6b4e3bf2e5,uc3m,1,1,0,1
g_431c133d26ecfe2d,uc3m,1,1,1,0
g_431f161890bc3c41,uc3m,1,1,1,0
g_4323fb379a850c5a,uc3m,1,1,1,0
g_4355e24715753d84,uc3m,1,2,0,1
g_436e33b4309d2966,uc3m,1,1,1,0
g_43f53a74304b8c2e,uc3m,1,1,1,0
g_445128cc6203552f,uc3m,1,1,1,0
g_446ff16af3ab0bec,uc3m,1,1,1,0
g_450ff256c42c4e3f,uc3m,1,1,1,0
g_4518c445105f01b8,uc3m,1,1,1,0
g_4559da49cf121efd,uc3m,1,1,0,1
g_4584e6620cd104e4,uc3m,1,1,1,0
g_45e55e41a8977e80,uc3m,1,1,1,0
g_4622896c0fa21b6e,uc3m,1,1,1,0
g_467ac0737e2d09d9,cv,1,1,0,0
g_47134c4eb3db8f64,cv,1,1,0,0
g_475ed4f285b7de0c,uc3m,1,1,1,0
g_476286df853e7a2f,uc3m,1,1,1,0
g_477b389eea5648d6,uc3m,1,1,1,0
g_47881f0abcc5e836,uc3m,1,1,1,0
g_48d57a597e2de6aa,uc3m,1,1,1,0
g_49abae88f908ca1b,uc3m,1,1,1,0
g_49cd9b369c562a62,uc3m,1,1,0,1
g_4a03221287bd54b8,uc3m,1,1,1,0
g_4a0aac3dad79e4f4,uc3m,1,1,1,0
g_4a2d43d9a3120c49,uc3m,1,1,1,0
g_4be04a5f14ee9f55,uc3m,1,1,1,0
g_4beec00da851d930,uc3m,1,1,1,0
g_4c219df06131dcb7,uc3m,1,1,1,0
g_4c34e512be3d09a6,uc3m,1,1,1,0
g_4c8e5f6a41e9d88d,uc3m,1,1,1,0
g_4cf9a0beaa01788c,uc3m,1,1,1,0
g_4d3d6447d8bce859,uc3m,1,1,1,0
g_4d6b66d52865ea31,uc3m,1,1,1,0
g_4e713bf95af7f88f,uc3m,1,1,0,1
g_4ec2f2e0a15ba086,uc3m,1,1,0,1
g_4f600c0d29da140f,uc3m,1,1,0,1
g_500866df4215b104,uc3m,1,1,0,1
g_50296bc68897d458,uc3m,1,1,1,0
g_506d0aeb1b325363,uc3m,1,1,0,1
g_5085f8a348f653f5,uc3m,1,1,1,0
g_50aa07028d455ac5,cv,1,1,0,0
g_50aec4171c53281d,uc3m,1,1,1,0
g_514ebc4ce5cad9d9,uc3m,1,1,1,0
g_515b9b8d7ab2c43f,uc3m,1,1,1,0
g_5165fe261840ea45,uc3m,1,1,1,0
g_5228ebdc6da05cf6,uc3m,1,1,1,0
g_5229cac41aa9e183,uc3m,1,1,1,0
g_529ba3d446107111,uc3m,1,1,1,0
g_532adf41b5309ad3,uc3m,1,1,1,0
g_537bd1f5382f5c7a,uc3m,1,2,1,0
g_53854d92435b6190,uc3m,1,1,0,1
g_53a934b4148ac664,uc3m,1,1,1,0
g_53f4d46587bcf6b9,uc3m,1,1,0,1
g_53fd4ee9263d0dbf,uc3m,1,1,1,0
g_54276ee3672ee45d,uc3m,1,1,1,0
g_544c7cfd2fc26d7b,uc3m,1,1,1,0
g_550bf245163a75c6,uc3m,1,1,1,0
g_554e51f959a1b90a,uc3m,1,1,1,0
g_55506dca76f2bc04,uc3m,1,1,1,0
g_56023bebc42be4fd,uc3m,1,1,1,0
g_56800da2eb45d829,uc3m,1,1,0,1
g_56838cb296081d94,uc3m,1,1,1,0
g_56b9869bb95078a4,uc3m,1,1,1,0
g_56e715ce5536fe66,uc3m,1,1,1,0
g_57064922c84fe515,uc3m,1,1,1,0
g_57d315eb04533907,uc3m,1,1,1,0
g_5814415e1097178a,uc3m,1,1,1,0
g_588c97f5df72c859,uc3m,1,1,1,0
g_58a58f30ab8f9c03,uc3m,1,1,1,0
g_5907fa5f8c7d3d19,uc3m,1,1,1,0
g_591ba9d9dddc75e4,uc3m,1,1,1,0
g_5a3283d470391190,uc3m,1,1,0,1
g_5ab6af9c6f996954,uc3m,1,1,1,0
g_5b55ae708e98e325,uc3m,1,1,1,0
g_5bad1377dc6691d1,uc3m,1,1,0,1
g_5c01f4398afc6385,uc3m,1,1,1,0
g_5c240f4559ef914f,uc3m,1,1,1,0
g_5d2d421203c7e373,uc3m,1,1,1,0
g_5d3c3b694fef379e,uc3m,1,1,1,0
g_5d907b646f3d3fee,uc3m,1,1,1,0
g_5e156129044c86f6,uc3m,1,1,0,1
g_5e31a6d0012409a8,uc3m,1,1,0,1
g_5e483590d0488d8d,uc3m,1,1,1,0
g_5e48d02036965d5f,uc3m,1,1,1,0
g_5eafa30fe6712c52,uc3m,1,2,1,0
g_5ec85e7b9964141c,uc3m,1,1,1,0
g_5f5971a64fb9e270,uc3m,1,1,1,0
g_5f5ec647ced1577b,uc3m,1,1,1,0
g_602ed40bee5828dc,uc3m,1,1,0,1
g_605049b894cc73c2,uc3m,1,1,1,0
g_607c7cc45dd58047,uc3m,1,1,1,0
g_60b4b5904c2af709,uc3m,1,1,0,1
g_60c8697c2199e820,uc3m,1,1,1,0
g_6104999d8121c32d,uc3m,1,1,1,0
g_6147730c05ee7152,uc3m,1,1,1,0
g_616bbeb3c98b5365,uc3m,1,1,0,1
g_6216c2585bc8a19d,uc3m,1,1,0,1
g_62516db9074a80a0,uc3m,1,1,1,0
g_629677056f403037,uc3m,1,1,1,0
g_62b0255fd51c96be,cv,1,1,0,0
g_62d9637abf18bd2f,uc3m,1,2,1,0
g_62f507af764ce6fd,uc3m,1,1,1,0
g_63193e3dc45c9494,uc3m,1,1,0,1
g_633fadea15ea2e04,uc3m,1,1,1,0
g_63638483b87a9fc4,uc3m,1,1,1,0
g_63a2ac7730359ef0,uc3m,1,1,1,0
g_63e6ffebc815ac73,uc3m,1,1,1,0
g_640e1c3c3b6037bf,cv,1,1,0,0
g_6411b52c81528934,uc3m,1,1,1,0
g_6443c12569efa904,uc3m,1,1,1,0
g_644c36439287ff85,uc3m,1,1,1,0
g_64ddbdb9330d288b,uc3m,1,1,1,0
g_6504920b28b2f304,uc3m,1,1,1,0
g_650d5774aab9307b,uc3m,1,1,1,0
g_651f833e5e9053fc,uc3m,1,1,1,0
g_652b18cb66797584,uc3m,1,1,1,0
g_656b5e2b50974a7f,uc3m,1,1,1,0
g_659f0fc0ec5b9c77,uc3m,1,1,1,0
g_65ad7ce29cd5e22a,uc3m,1,1,1,0
g_66643d483e699f66,uc3m,1,1,1,0
g_6689fb8b32a86d2e,uc3m,1,1,1,0
g_66a8d3a764698f3f,uc3m,1,1,1,0
g_66d02c7ed29539b0,uc3m,1,1,0,1
g_66dbc3b0fe639a94,uc3m,1,1,1,0
g_670088a6521a8dd5,uc3m,1,1,1,0
g_670f4405cd02ee00,uc3m,1,1,1,0
g_671954035b2403ec,uc3m,1,1,0,1
g_6740f21236284a7e,uc3m,1,1,1,0
g_67713cd2c68bb122,uc3m,1,1,1,0
g_6796c5471d69a624,cv,1,1,0,0
g_687016fc1677058d,uc3m,1,1,1,0
g_6874d81ba46d97c3,uc3m,1,1,1,0
g_68833fd3e5020f37,uc3m,1,2,0,1
g_68a67c8573f3bcba,uc3m,1,1,1,0
g_6afdcaccab78138d,uc3m,1,1,1,0
g_6b7d88ce2eb85d3f,uc3m,1,1,1,0
g_6bd82f2a36d69109,uc3m,1,2,1,0
g_6be787d714f3839b,uc3m,1,1,1,0
g_6c30585226f534a6,uc3m,1,1,1,0
g_6c3bfec339536d12,uc3m,1,1,1,0
g_6c8d775835436569,uc3m,1,1,1,0
g_6d463f49079c77dd,uc3m,1,1,0,1
g_6d614585c75e0734,uc3m,1,1,1,0
g_6e0744b637ba5dac,uc3m,1,2,1,0
g_6e569c46e0c02034,uc3m,1,1,0,1
g_6eab3710851083df,uc3m,1,1,1,0
g_6ed7bfd24e0afe6d,uc3m,1,1,1,0
g_6ee43d09517ad629,uc3m,1,1,1,0
g_6f0d067a5017aff8,uc3m,1,1,1,0
g_6f1d3323c5434cc0,uc3m,1,1,1,0
g_6f8296084ba708f1,uc3m,1,1,1,0
g_6f9e3c0a6f087758,uc3m,1,1,1,0
g_6fb45738fe2e0f71,uc3m,1,1,1,0
g_70279b9964aeb3df,uc3m,1,1,1,0
g_709ca1b0475c810c,uc3m,1,2,1,0
g_70ecb7765eb3f2bf,uc3m,1,1,0,1
g_70f07c44c768fb32,uc3m,1,1,1,0
g_7103af41311fa289,uc3m,1,1,1,0
g_7299f307f04c719f,uc3m,1,1,1,0
g_7351fdc7bcb09aaa,uc3m,1,1,0,1
g_735c1e1fbf2b9879,uc3m,1,1,0,1
g_7374ea2d763bca3c,uc3m,1,1,0,1
g_738586d5ea433c93,uc3m,1,1,1,0
g_741f4c3ff975b8b1,uc3m,1,1,0,1
g_743488ebb320cd9a,uc3m,1,1,1,0
g_7484de04f9aac14b,uc3m,1,1,1,0
g_74a231c37af88982,uc3m,1,1,0,1
g_75b529c0afab5b13,uc3m,1,1,1,0
g_75f7d32b54603684,uc3m,1,1,1,0
g_7638e82f847a68f9,uc3m,1,1,0,1
g_764ed668d36a5e6f,uc3m,1,1,0,1
g_768db4c93a689323,uc3m,1,1,0,1
g_7764206b8823500d,uc3m,1,1,1,0
g_778464f2b40725d9,uc3m,1,1,1,0
g_77fc11c1fd94a751,uc3m,1,1,1,0
g_78a8e8caac460a73,uc3m,1,1,0,1
g_79146a8df1448187,uc3m,1,1,1,0
g_79e34babce0cf00e,uc3m,1,1,0,1
g_7a1240f8bd84145e,uc3m,1,2,1,0
g_7a802aedf8437276,uc3m,1,1,1,0
g_7ac0ba5f26cd4038,uc3m,1,1,1,0
g_7c12c86762650da1,uc3m,1,1,0,1
g_7c5710d44d37f757,uc3m,1,1,1,0
g_7c703128733c08c8,uc3m,1,1,1,0
g_7d52a32992065e6c,uc3m,1,1,1,0
g_7d53df90d3a06517,uc3m,1,1,1,0
g_7d76c8e8b1c9614f,uc3m,1,1,0,1
g_7dcc0105cbd2e60f,cv,1,1,0,0
g_7fd5a4d9d2a4007c,uc3m,1,1,1,0
g_7fe9edca480632a1,uc3m,1,1,1,0
g_805a83170e4c4981,uc3m,1,1,1,0
g_80b17d96856c728e,uc3m,1,1,1,0
g_80ca420e7a65ac7e,uc3m,1,1,1,0
g_80d7786ec812e6b7,uc3m,1,1,1,0
g_80fd94073aa5a52d,uc3m,1,1,0,1
g_811d858dab18bd2a,uc3m,1,1,1,0
g_81986a48b4a4a503,uc3m,1,1,1,0
g_8202a6c26701d8d3,uc3m,1,1,1,0
g_820cb3c5ebadd01b,uc3m,1,1,1,0
g_824e8d1da73f8c7b,uc3m,1,1,0,1
g_82ef18924f084ec8,uc3m,1,1,1,0
g_837c240d2e0bdf13,uc3m,1,2,1,0
g_837f94e86580000f,uc3m,1,1,0,1
g_83913653d4751cb6,uc3m,1,1,1,0
g_83e4ed624ea9bd2b,uc3m,1,1,1,0
g_840270cc3f0c231d,uc3m,1,1,1,0
g_84ee1b542cafa471,uc3m,1,1,1,0
g_84ee5380afe8aa0a,uc3m,1,1,1,0
g_84f824f3a2c04da2,uc3m,1,1,1,0
g_85077b68e980b7d7,uc3m,1,1,0,1
g_850828e89254b08a,uc3m,1,1,1,0
g_8517bef7cbdd2a15,uc3m,1,1,1,0
g_8522665144560981,uc3m,1,1,0,1
g_859245a1badfad7a,cv,1,1,0,0
g_8616f294fa17e4e7,uc3m,1,1,1,0
g_869ec917d73029d2,uc3m,1,1,1,0
g_86c307d78d37f0eb,uc3m,1,1,1,0
g_86fc2fa1becebb71,uc3m,1,1,1,0
g_870040c2bef5fb6f,uc3m,1,1,0,1
g_870eca2c09c7755c,uc3m,1,1,1,0
g_87d6e662cb0d34e9,uc3m,1,1,1,0
g_87e1e80f4c67cc2f,uc3m,1,1,0,1
g_8840693b07d87b1c,uc3m,1,1,1,0
g_8859594a3e255ab4,uc3m,1,1,1,0
g_885fe71334e7ba6e,uc3m,1,2,0,1
g_8880587b8de5909c,uc3m,1,1,0,1
g_88fd762d677abeee,cv,1,1,0,0
g_89037e7c52f7ac34,uc3m,1,1,1,0
g_8abb51c80d1e9063,uc3m,1,1,1,0
g_8b2ab0899c9deb0c,uc3m,1,1,0,1
g_8b4cc0078ece57af,uc3m,1,1,1,0
g_8b580b3738aaf66b,uc3m,1,1,0,1
g_8babb2c7b102540d,cv,1,1,0,0
g_8bace8cd1e5c239b,uc3m,1,2,1,0
g_8bfb39db8ad9b040,uc3m,1,1,0,1
g_8c03d9f0009c006c,uc3m,1,2,1,0
g_8c382e31e412a289,uc3m,1,2,1,0
g_8c955e8f3d39abc6,uc3m,1,1,1,0
g_8d1104dfe75b8343,uc3m,1,1,1,0
g_8d1ae5b9ee2eb59a,uc3m,1,1,1,0
g_8d25a17be1fff1f5,uc3m,1,1,1,0
g_8e1d59c7a2872798,uc3m,1,1,1,0
g_8e2a66826b599bc2,uc3m,1,1,1,0
g_8e3cab06f98d2aae,uc3m,1,1,1,0
g_8ea43400862e1e69,uc3m,1,2,1,0
g_8eda002594ad8855,uc3m,1,1,1,0
g_8ee857703cdf2eda,uc3m,1,1,1,0
g_8eec753b5159da48,uc3m,1,1,0,1
g_8f025057b08bd7e9,uc3m,1,1,1,0
g_8f1bdd844289f446,uc3m,1,1,1,0
g_8f7d27c8bfe3abc7,uc3m,1,1,1,0
g_900819cd965b4fbe,uc3m,1,1,1,0
g_905b39a521306576,uc3m,1,1,0,1
g_90b99bbfc22c95b0,uc3m,1,1,0,1
g_9134ac6a245b4111,uc3m,1,1,1,0
g_915adfd012742270,uc3m,1,1,0,1
g_915e4657e733970b,uc3m,1,1,1,0
g_91cef52751a0f0e4,uc3m,1,1,1,0
g_91ea466b8f7908cb,uc3m,1,1,1,0
g_920eedc528fbe3a4,uc3m,1,1,1,0
g_922505914ea12402,uc3m,1,1,0,1
g_92790272c3868ba0,uc3m,1,1,1,0
g_92c25190ae8b3e7b,uc3m,1,1,1,0
g_9340e8c6a06ca4a0,uc3m,1,1,1,0
g_934112e6329f7ede,uc3m,1,2,1,0
g_9393eed2727313ab,uc3m,1,1,1,0
g_950df51f5783f7df,uc3m,1,1,1,0
g_962c8627dbab0fc2,uc3m,1,1,1,0
g_968660a120ae422a,uc3m,1,1,1,0
g_96d5511f252c27bb,uc3m,1,1,0,1
g_96f2cd0bc6e8925a,uc3m,1,1,1,0
g_97103231ba7b9e12,uc3m,1,1,0,1
g_97196b3a99394fac,uc3m,1,1,1,0
g_97acf6341fc767fa,uc3m,1,1,1,0
g_97b95c413c21ef8f,uc3m,1,1,1,0
g_97fd508400630963,uc3m,1,1,0,1
g_9800c5629ebc5f66,uc3m,1,1,1,0
g_9872ace42ca2ee87,uc3m,1,1,1,0
g_98a6bb6b9c75bf24,uc3m,1,1,1,0
g_98e28a3e8edbfeb2,uc3m,1,1,1,0
g_98fc979f4615c7d2,uc3m,1,1,1,0
g_990d6dcabce4515b,uc3m,1,1,1,0
g_99381017e05bdd89,uc3m,1,1,1,0
g_99901d4ee62aea08,uc3m,1,1,1,0
g_99a4bcac792a8ab2,uc3m,1,1,1,0
g_9a386ad4d93814b6,uc3m,1,1,0,1
g_9a506e337eafe502,uc3m,1,1,1,0
g_9a6137f31387051f,uc3m,1,1,1,0
g_9a6951baeca92fd9,uc3m,1,1,0,1
g_9ab7b83630be883a,uc3m,1,1,1,0
g_9b5e8d74b66143de,uc3m,1,1,0,1
g_9b8f250fc5a51ad4,uc3m,1,1,1,0
g_9bac9671e977b2c9,uc3m,1,1,1,0
g_9be0334413adc3eb,uc3m,1,2,0,1
g_9c0f55ae0b0b4008,uc3m,1,1,1,0
g_9c5f21b2f4b917e1,uc3m,1,1,1,0
g_9c81797ebab9019c,uc3m,1,1,1,0
g_9cd15fb8e01d56fe,uc3m,1,1,1,0
g_9d3a54630bb59c0b,uc3m,1,1,1,0
g_9d3a89f9d3dd0619,uc3m,1,1,0,1
g_9d58f7191dcb8abb,uc3m,1,1,1,0
g_9d96c7b9fe6db3a7,uc3m,1,1,1,0
g_9dcad2e955d837f3,uc3m,1,1,1,0
g_9e40a9e9916fd1c8,uc3m,1,1,1,0
g_9ed651428bd5ca0e,uc3m,1,1,1,0
g_9f15b76375fdd76b,uc3m,1,1,1,0
g_9f58713cbb6ad0d3,uc3m,1,1,0,1
g_9f684ba3a2bbb468,uc3m,1,1,1,0
g_9fb39a47c48e40a2,uc3m,1,1,1,0
g_9fdc2d74cf1349ae,uc3m,1,1,1,0
g_a01728336a6c913f,uc3m,1,1,1,0
g_a03d16de0c8afa06,uc3m,1,1,1,0
g_a0460c6a8b74b99f,uc3m,1,1,1,0
g_a05377bf55e3f51c,uc3m,1,1,1,0
g_a05c089dca73b683,uc3m,1,1,0,1
g_a08d4c4017b81fdb,uc3m,1,1,0,1
g_a11b9a93bc2edbaf,cv,1,1,0,0
g_a1b85973d2c2bd1f,uc3m,1,1,1,0
g_a1dda0bc28e15ced,uc3m,1,1,1,0
g_a1f7acb0ac346cb1,uc3m,1,1,1,0
g_a23726e7b7b2d4bd,uc3m,1,1,1,0
g_a27a69afa14a056d,uc3m,1,1,1,0
g_a2bbc0b300bd8731,cv,1,1,0,0
g_a2d02a27f2dee581,uc3m,1,1,1,0
g_a33d5b5032bef87b,uc3m,1,1,1,0
g_a41485c97bf637d0,uc3m,1,1,1,0
g_a4193ad2afd23533,uc3m,1,1,1,0
g_a48b60dbdf7fc8db,uc3m,1,1,1,0
g_a4f0c1d6c87d9aea,uc3m,1,1,1,0
g_a4f33145259a0acd,uc3m,1,1,1,0
g_a4fc0ccefca33d37,uc3m,1,1,1,0
g_a536bbaba6d09de6,uc3m,1,1,1,0
g_a57cf5b82b377ad7,uc3m,1,1,0,1
g_a5907803c754de52,uc3m,1,1,1,0
g_a598330f1031fccc,uc3m,1,1,1,0
g_a5df5fa87a754a71,uc3m,1,1,1,0
g_a5f0dfaa8dd5c8e4,uc3m,1,1,1,0
g_a69d07801d9989dc,uc3m,1,1,1,0
g_a6d61a55a757ee07,uc3m,1,1,1,0
g_a70a03919f656b4d,cv,1,1,0,0
g_a726879b12dcbd79,uc3m,1,1,1,0
g_a73da9026602c5f8,uc3m,1,1,1,0
g_a752cbc1a9fa1bac,uc3m,1,1,1,0
g_a7c95b76411bb99d,uc3m,1,1,1,0
g_a7e2913563cdd991,uc3m,1,1,1,0
g_a7ebe6df0d5a3a75,uc3m,1,1,1,0
g_a7ff2a9e87d0877a,uc3m,1,1,1,0
g_a84e6959fc19ff62,uc3m,1,1,1,0
g_a95c60137485f067,uc3m,1,2,1,0
g_a968c08d96c8e771,uc3m,1,1,1,0
g_a9cd86cb719e3efd,uc3m,1,1,1,0
g_aa60e1ead283d6b8,uc3m,1,1,1,0
g_aa6fdf780e1162ed,uc3m,1,2,1,0
g_aa837cf8a5e8745d,uc3m,1,1,1,0
g_aa8e09e16c910d14,uc3m,1,1,1,0
g_aaa340ae4ebf95a6,uc3m,1,1,1,0
g_aaa561fdfe8cb0ae,uc3m,1,1,1,0
g_ab1212bc9e6ec0a0,uc3m,1,1,1,0
g_ab3135d22de18e90,uc3m,1,1,1,0
g_ab8177f715ee8dfd,uc3m,1,1,1,0
g_aba5c195c7767a15,uc3m,1,1,1,0
g_abafc2d80b4ee636,uc3m,1,1,1,0
g_abbc1c385d7be7ce,uc3m,1,1,1,0
g_abd2738f6a7980e6,uc3m,1,2,1,0
g_abd67cb83417dcf4,uc3m,1,1,1,0
g_ac7c12f7a42fc18e,uc3m,1,1,1,0
g_ac99997c0201232b,uc3m,1,1,1,0
g_acb33309a7fe5d0b,uc3m,1,1,1,0
g_acbf91591ff7b949,cv,1,1,0,0
g_ae50a5d42c35c673,uc3m,1,1,1,0
g_aeaafd584da3adc0,uc3m,1,1,0,1
g_aeb2a2a1787eb9bf,uc3m,1,1,1,0
g_af2f44f362be3d25,uc3m,1,1,1,0
g_af32b1253763ac39,uc3m,1,1,1,0
g_aff613700777acde,uc3m,1,2,1,0
g_b02ef052b856f8f8,uc3m,1,1,1,0
g_b09dff426cf8b7a0,uc3m,1,1,1,0
g_b0a991e4361130c4,uc3m,1,1,1,0
g_b0d7b568e3158510,uc3m,1,1,1,0
g_b0ff2f82fe4b1912,uc3m,1,1,0,1
g_b1bf3b1e2bf1d808,uc3m,1,2,1,0
g_b27060ff0b8be3ab,uc3m,1,1,1,0
g_b27b7689229a8574,uc3m,1,1,1,0
g_b2f5267100ee75ae,uc3m,1,1,1,0
g_b30479fa1c624af9,uc3m,1,1,1,0
g_b351caa2fad24375,uc3m,1,1,1,0
g_b3668b130659a226,uc3m,1,1,1,0
g_b366b24ef5e2b172,uc3m,1,2,1,0
g_b38b3d8de49681c5,cv,1,1,0,0
g_b3b04ee319e199d4,uc3m,1,1,1,0
g_b3d67f8e467d1509,uc3m,1,1,1,0
g_b3f522df015e9ad3,uc3m,1,1,1,0
g_b3fe059508e9e7d6,uc3m,1,1,1,0
g_b415090ec636baf4,uc3m,1,1,0,1
g_b420c79a077f9ce0,uc3m,1,1,1,0
g_b4c3a40519829500,uc3m,1,1,1,0
g_b4dc71d8a6522f32,uc3m,1,1,1,0
g_b4ff9399394e230c,uc3m,1,1,1,0
g_b53b0225ff272e68,uc3m,1,1,1,0
g_b5567730bc007d4d,uc3m,1,1,1,0
g_b56004f596be3054,uc3m,1,1,1,0
g_b578055587674b90,uc3m,1,1,1,0
g_b57e26b57f15bc5f,uc3m,1,2,1,0
g_b5a02c77c725e85a,uc3m,1,1,1,0
g_b66cd4153b569077,uc3m,1,1,1,0
g_b7defb10d0bae489,cv,1,1,0,0
g_b8e4a0433a02fc6f,uc3m,1,1,1,0
g_b8f0a9b3d6d33fc4,cv,1,1,0,0
g_b903ffa915eb43c6,uc3m,1,1,1,0
g_b9311d035a5f1192,uc3m,1,1,1,0
g_b94ce70a53679c10,cv,1,1,0,0
g_b9683931934f915f,uc3m,1,1,1,0
g_b9ca456995c2b457,uc3m,1,1,1,0
g_b9e425bba306d0f3,uc3m,1,1,1,0
g_ba1788e5ed065436,uc3m,1,1,1,0
g_bb41765f52cabd88,uc3m,1,1,1,0
g_bb54dc6c8a837c4c,uc3m,1,1,1,0
g_bb59e2adc26afd80,uc3m,1,1,1,0
g_bb8824377a7f0145,uc3m,1,1,1,0
g_bb9e40686d631690,uc3m,1,1,1,0
g_bc1b11b3b287b8eb,uc3m,1,1,1,0
g_bc534e12943546de,uc3m,1,1,1,0
g_bc934002824c39f0,uc3m,1,1,1,0
g_bcdd2b882f1bef65,uc3m,1,1,1,0
g_bce0a72ef8b305c2,cv,1,1,0,0
g_bcf84c29e1bac45f,uc3m,1,1,0,1
g_bd3491ba75628d9d,uc3m,1,1,1,0
g_bd4e0c5aa5831a21,uc3m,1,1,1,0
g_bd8196106d7153f1,uc3m,1,1,1,0
g_bd9ecd877d27579d,uc3m,1,1,0,1
g_bdffb9cb635c1754,uc3m,1,1,1,0
g_be460da476f2e2ae,uc3m,1,1,1,0
g_bf31ca0247b5ca1c,uc3m,1,1,1,0
g_bf441a61916f1565,uc3m,1,2,1,0
g_bfe613f683dc4285,uc3m,1,1,1,0
g_c00a06a546162077,uc3m,1,1,0,1
g_c037ef8f418a25a4,uc3m,1,1,1,0
g_c041fd215ad89465,uc3m,1,1,1,0
g_c04bf37c3e32cd8b,uc3m,1,1,1,0
g_c05fcf0232e849bd,uc3m,1,1,1,0
g_c06151cd35d86a26,uc3m,1,1,1,0
g_c06caa983d45e81a,cv,1,1,0,0
g_c0b27fc1f41745c1,uc3m,1,1,1,0
g_c0cf9bd11b4201f2,uc3m,1,1,1,0
g_c0dcd6e0fdbdc28d,uc3m,1,1,1,0
g_c0e2b2900d9948dc,uc3m,1,1,1,0
g_c1247cdef6db5d86,uc3m,1,1,1,0
g_c14fc059ab69c853,uc3m,1,1,1,0
g_c1659452264a75b4,uc3m,1,1,0,1
g_c19eac60658328f6,uc3m,1,1,1,0
g_c1c3ad463a993867,uc3m,1,1,1,0
g_c1e3e5f3bde94939,uc3m,1,1,1,0
g_c280f55993841810,uc3m,1,1,1,0
g_c2884aa1518e15aa,uc3m,1,1,1,0
g_c2a732b83d932de6,uc3m,1,1,1,0
g_c2ea9f30bccd8eec,uc3m,1,2,1,0
g_c34c9bd7e19de78a,uc3m,1,1,1,0
g_c36db8cfe2bcd897,uc3m,1,1,0,1
g_c3d64afc54bf3217,uc3m,1,1,1,0
g_c3faeedb66e31b56,uc3m,1,1,0,1
g_c40cd904d5b35c43,uc3m,1,1,1,0
g_c410fcadb127ec09,uc3m,1,1,1,0
g_c48ad7ee356c1b63,uc3m,1,1,1,0
g_c48ec9c6be58abc0,uc3m,1,1,0,1
g_c511be1428990da6,uc3m,1,1,1,0
g_c6458c8c0584e061,uc3m,1,1,1,0
g_c6cbc881731da324,uc3m,1,1,1,0
g_c6eb68f2e3a4795d,uc3m,1,1,0,1
g_c71044d9e1c97cc1,uc3m,1,1,1,0
g_c896daee7e164a7e,uc3m,1,1,1,0
g_c92e734fea629133,uc3m,1,1,1,0
g_c94a9b84bdf135b0,cv,1,1,0,0
g_caac93156f33791c,uc3m,1,1,1,0
g_cab777446396b91c,uc3m,1,1,0,1
g_cae628be6c86df73,uc3m,1,1,1,0
g_caedb49fe174a4f9,uc3m,1,1,1,0
g_cb75c3b2c8006823,uc3m,1,1,0,1
g_cbd38b63f01dd157,uc3m,1,1,0,1
g_cbd8928de6084e91,uc3m,1,2,1,0
g_cc192d4b1a6a6374,uc3m,1,1,1,0
g_cc408f4ec184e05f,uc3m,1,1,0,1
g_cc7feb42139ae999,uc3m,1,1,1,0
g_ccb0ce0776c0e956,uc3m,1,1,0,1
g_ccf39ef10ba83d51,uc3m,1,1,1,0
g_cd58dfacbb429da1,uc3m,1,1,1,0
g_cd6c0432ba3fba78,uc3m,1,1,1,0
g_cdea4d5124254a09,uc3m,1,1,1,0
g_cdf37e04b1798eaf,uc3m,1,1,0,1
g_cdf9526d62277275,uc3m,1,2,1,0
g_ce099ba3552fdedd,uc3m,1,1,0,1
g_ce44a80419b85218,uc3m,1,1,1,0
g_ce4add30776c36f1,uc3m,1,1,1,0
g_cea4014b16fbb0c3,uc3m,1,1,1,0
g_ced531a657d3928c,uc3m,1,1,0,1
g_cf681cc62df1f41e,uc3m,1,1,1,0
g_cf6e9d133f12f10b,uc3m,1,1,0,1
g_cfe033ec3c6e4afd,uc3m,1,1,1,0
g_d00c6b5157ee92db,uc3m,1,1,1,0
g_d01fddde69eaebb4,uc3m,1,1,0,1
g_d048c756e10de6e7,uc3m,1,1,0,1
g_d0ca211df96084a9,uc3m,1,2,1,0
g_d0d3f8909bc12527,uc3m,1,1,1,0
g_d1128cee0b990c74,uc3m,1,1,0,1
g_d1c4cb3036b06483,uc3m,1,1,1,0
g_d262654830f2055a,uc3m,1,1,1,0
g_d2998729bbef7b03,uc3m,1,1,1,0
g_d2bb0a55c5a6fddc,uc3m,1,1,0,1
g_d2ec870af9ac40d7,uc3m,1,1,1,0
g_d36461c39e8d645e,uc3m,1,1,0,1
g_d373a94c8fec05f8,uc3m,1,1,1,0
g_d3be2697ddbb48e0,uc3m,1,1,1,0
g_d3eeded39605c886,uc3m,1,1,1,0
g_d41db0335344e971,uc3m,1,1,1,0
g_d42da8fda4c8ecbc,uc3m,1,1,1,0
g_d44b8bef1e802531,uc3m,1,1,1,0
g_d5175786e43393d2,uc3m,1,1,1,0
g_d586e46962d40a2f,uc3m,1,1,1,0
g_d628972c6e44d0ce,uc3m,1,1,1,0
g_d71c5f6791671630,uc3m,1,1,1,0
g_d72fc3d154e3dc31,uc3m,1,1,1,0
g_d75a6d3b83fb8ff6,uc3m,1,1,1,0
g_d766b48e9e221c8c,uc3m,1,1,1,0
g_d83cfb352727c576,uc3m,1,1,1,0
g_d878e045892e9a26,uc3m,1,1,1,0
g_d89cce8a25a85940,uc3m,1,1,1,0
g_d8c3663dfd284d24,uc3m,1,1,1,0
g_d90a3783c0423346,uc3m,1,1,1,0
g_d932c5814fd06d38,uc3m,1,2,1,0
g_d956dd57929fd56e,uc3m,1,1,1,0
g_d97d64cb8e61f821,uc3m,1,1,1,0
g_d9a778b59a8d4b75,uc3m,1,1,1,0
g_da0973b5b192ac00,uc3m,1,1,1,0
g_daa388c3dc00f0ab,uc3m,1,1,1,0
g_dab4144ae59255df,uc3m,1,1,1,0
g_db07765492c27fa0,uc3m,1,1,1,0
g_dc1873be61a96f71,uc3m,1,1,1,0
g_dc1ab19ce65bb3da,uc3m,1,1,1,0
g_dc9bd0554662383d,uc3m,1,1,1,0
g_dcaddc853ee07408,uc3m,1,1,1,0
g_dcdba113c9e23385,uc3m,1,1,0,1
g_dce673ec2e00609f,uc3m,1,1,1,0
g_dd45c9854ab31c97,uc3m,1,1,1,0
g_ddfe34f6d2a13eb7,uc3m,1,1,1,0
g_de3ce3b5cbc33f56,uc3m,1,1,1,0
g_deceab638730fb90,uc3m,1,1,1,0
g_def25cd6930b53d9,uc3m,1,1,1,0
g_df09e417a53c6f57,uc3m,1,1,1,0
g_df63a7752125b465,uc3m,1,1,1,0
g_dfb5764cf39291e2,uc3m,1,1,1,0
g_e03b8e0a8aaed989,uc3m,1,1,1,0
g_e10d4ee664b8137b,cv,1,1,0,0
g_e1451270a938261d,cv,1,1,0,0
g_e179305aa767000f,uc3m,1,1,1,0
g_e18bd1f13d766d4d,uc3m,1,1,1,0
g_e19ac68925546be2,uc3m,1,1,1,0
g_e1dabee11fbe29a9,uc3m,1,1,0,1
g_e1f2bc9c8c86b99b,uc3m,1,1,0,1
g_e1f8be72e4b53e46,uc3m,1,1,0,1
g_e215d3cd89c8602c,uc3m,1,1,1,0
g_e22f99cc1c7287d4,cv,1,1,0,0
g_e239d4428afd017a,uc3m,1,1,1,0
g_e259a0e17895fd3f,uc3m,1,1,1,0
g_e2d6585fa03bb594,uc3m,1,1,1,0
g_e2df8679531c6fc9,uc3m,1,1,0,1
g_e3073f94291ce249,uc3m,1,1,1,0
g_e348b726ab91470f,uc3m,1,1,1,0
g_e36ee03aab26e9b2,uc3m,1,1,1,0
g_e3ab37fbb1270762,uc3m,1,1,0,1
g_e44581063f252e13,uc3m,1,1,1,0
g_e466d30bf0fe87b0,uc3m,1,1,1,0
g_e4ebf7e8fdf69437,uc3m,1,1,1,0
g_e53f05e5632e74e0,uc3m,1,1,0,1
g_e5cb2411cb412cd7,uc3m,1,1,1,0
g_e5f8c767762520bc,uc3m,1,1,0,1
g_e6453d30ec69a8aa,uc3m,1,1,0,1
g_e654508f7f053767,uc3m,1,1,1,0
g_e709faa335c0d828,uc3m,1,1,1,0
g_e70bd45d60430771,uc3m,1,1,1,0
g_e70def00c9e80cad,uc3m,1,1,1,0
g_e7213fe189b917b7,uc3m,1,1,1,0
g_e7cf012d075fd193,uc3m,1,1,1,0
g_e8127f00bae21fa3,uc3m,1,1,1,0
g_e8471737ac9daf11,uc3m,1,1,1,0
g_e853fc90c1304ba7,uc3m,1,1,1,0
g_e93a62442a65ba0c,uc3m,1,1,1,0
g_e94396e7eaeb1976,uc3m,1,1,1,0
g_e9573e524e44d850,uc3m,1,1,1,0
g_e978f63be0d87944,uc3m,1,1,0,1
g_e9a5b438ebc13e0e,cv,1,1,0,0
g_e9aa3b3a41d4c3e8,uc3m,1,1,1,0
g_e9bc86a35dcee8ef,uc3m,1,1,1,0
g_e9f955870b531d79,uc3m,1,1,1,0
g_ea312cbbee768403,uc3m,1,1,1,0
g_ea6990d778b489dd,uc3m,1,1,1,0
g_ea77466bd6c1747e,uc3m,1,1,1,0
g_eacb5d574033dd25,uc3m,1,1,1,0
g_eadd5effbce92b17,uc3m,1,1,0,1
g_eae5bfadff149318,uc3m,1,3,1,0
g_eaf650de84679915,uc3m,1,1,1,0
g_eb5367adf8d6aa11,uc3m,1,1,1,0
g_eb5b13aad76e67bf,uc3m,1,1,1,0
g_ec9391d2bd83ef39,uc3m,1,1,1,0
g_ece2bf98b77df3e2,uc3m,1,1,1,0
g_ecf6a1efda084f13,uc3m,1,1,1,0
g_ed59e83af9308b90,uc3m,1,1,1,0
g_ed71f438b0f59440,uc3m,1,1,1,0
g_ed83182c92c206b3,uc3m,1,2,1,0
g_edff22ad8b15665a,uc3m,1,1,1,0
g_ee453090d6f2244e,cv,1,1,0,0
g_ee5e33e3ff3883f0,uc3m,1,1,1,0
g_ee80e4115215b0ed,uc3m,1,1,1,0
g_eeaee8bdc2513fe5,uc3m,1,1,1,0
g_eeceaea1c9702635,uc3m,1,1,0,1
g_eede96e0e9ee6416,uc3m,1,1,1,0
g_ef5cc4f0c6b242aa,uc3m,1,1,1,0
g_f05d419ad910bf3b,uc3m,1,1,1,0
g_f069411582ee8c6d,uc3m,1,1,1,0
g_f0a1b24152ea8cd7,uc3m,1,1,1,0
g_f0fefaef54ef2a55,cv,1,1,0,0
g_f18c4493950f2c3c,uc3m,1,1,0,1
g_f1ae4948e6463b6b,uc3m,1,1,0,1
g_f1bad3c20202eb1c,uc3m,1,1,1,0
g_f246d91d679eab81,uc3m,1,1,1,0
g_f29691d5b0a96b98,uc3m,1,1,1,0
g_f2c7b4f555b11bb9,uc3m,1,1,1,0
g_f2fe842f5854269d,uc3m,1,1,1,0
g_f3067fc2f8e437e6,uc3m,1,1,0,1
g_f32f3392f207a4cb,uc3m,1,1,0,1
g_f3ada30144ce4f06,uc3m,1,1,1,0
g_f408f51e22fd265d,uc3m,1,1,0,1
g_f42f3909e58abeb5,uc3m,1,1,1,0
g_f482f32f9ed40e09,uc3m,1,1,1,0
g_f4aaf2d926a85bff,uc3m,1,1,1,0
g_f532261e67360029,uc3m,1,1,1,0
g_f55724fe1a78f4bc,uc3m,1,1,1,0
g_f55e7ac5786c3e64,uc3m,1,1,1,0
g_f641ae7dc6964943,uc3m,1,1,1,0
g_f678bdd90c3b796a,uc3m,1,1,1,0
g_f71d8249393ec206,uc3m,1,1,1,0
g_f73a8097b970d8d9,uc3m,1,1,0,1
g_f76f946f4e284770,uc3m,1,1,1,0
g_f84151680c6b08fa,uc3m,1,1,1,0
g_f8708257423107b9,uc3m,1,1,1,0
g_f8e3bbda425d712d,uc3m,1,2,1,0
g_f941a63ac003691c,uc3m,1,2,1,0
g_f9b4bbef56aa3612,uc3m,1,1,1,0
g_f9de3c73178e9f67,uc3m,1,1,1,0
g_fa00707481101f43,uc3m,1,1,1,0
g_fa651bdc065553e3,uc3m,1,2,0,1
g_fac5c584a76d8377,uc3m,1,1,1,0
g_fb13c8467623c015,uc3m,1,1,1,0
g_fc15d15056b7cbf9,uc3m,1,1,1,0
g_fc3c711d7a0b2b2d,uc3m,1,1,1,0
g_fc48ef3e9a5d28b2,uc3m,1,1,1,0
g_fc857f4cb0825e12,uc3m,1,1,1,0
g_fd0fcfe15e2e303d,uc3m,1,1,1,0
g_fd9491c8ae276f0b,uc3m,1,1,1,0
g_fdab196a28c56657,uc3m,1,1,1,0
g_fe2dd09a0e60c11d,uc3m,1,1,1,0
g_fe6bdfec9690d193,uc3m,1,1,0,1
g_fe72c4cd487d3ce3,uc3m,1,1,1,0
g_ff355785fbf73996,uc3m,1,1,1,0
