image_path,source,project_split,detection_id,class_id,class_name,confidence,x1,y1,x2,y2
data_raw/cv/Frontal/PXL_20210921_152343867.jpg,cv,train,0,2,car,0.8794165849685669,3415.78466796875,130.6525115966797,4030.013916015625,1586.378662109375
data_raw/cv/Frontal/PXL_20210921_152343867.jpg,cv,train,1,2,car,0.5135908126831055,0.0,262.36669921875,704.009521484375,1551.476806640625
data_raw/cv/Frontal/PXL_20210921_152343867.jpg,cv,train,2,2,car,0.3021923303604126,555.4920043945312,3.125582695007324,3641.4267578125,1869.4853515625
data_raw/cv/Frontal/PXL_20210921_152343867.jpg,cv,train,3,7,truck,0.2595424950122833,555.3897094726562,0.0,3617.05419921875,1869.3682861328125
data_raw/uc3m/test/01459.jpg,uc3m,train,0,2,car,0.8131595849990845,4789.337890625,17.809335708618164,6957.09619140625,698.1795043945312
data_raw/uc3m/test/01459.jpg,uc3m,train,1,2,car,0.5634547472000122,504.41973876953125,809.3004150390625,4247.7880859375,3798.847412109375
data_raw/uc3m/test/01459.jpg,uc3m,train,2,5,bus,0.35513705015182495,502.2492370605469,821.1488037109375,4242.85546875,3801.49755859375
data_raw/cv/Frontal/3587DCX.jpg,cv,train,0,2,car,0.8876336216926575,0.47449949383735657,108.63404846191406,448.8368225097656,1165.4593505859375
data_raw/cv/Frontal/3587DCX.jpg,cv,train,1,2,car,0.81795334815979,481.4034729003906,1.8954986333847046,3503.745361328125,1814.6075439453125
data_raw/uc3m/train/00820.jpg,uc3m,train,0,5,bus,0.46564337611198425,264.69952392578125,537.851806640625,5184.0,3886.864501953125
data_raw/uc3m/train/00820.jpg,uc3m,train,1,2,car,0.2702957093715668,419.9230041503906,655.642578125,5179.95361328125,3888.0
data_raw/cv/Lateral/3660CRT.jpg,cv,train,0,2,car,0.5865676403045654,564.37060546875,1.6309478282928467,3998.15576171875,2009.963134765625
data_raw/cv/Lateral/3660CRT.jpg,cv,train,1,28,suitcase,0.4609593451023102,488.4034118652344,37.28762435913086,3953.85498046875,2023.4442138671875
data_raw/cv/Lateral/3340JMF_.jpg,cv,train,0,2,car,0.8666750192642212,1.294010877609253,9.434234619140625,1067.782470703125,1105.60693359375
data_raw/cv/Lateral/3340JMF_.jpg,cv,train,1,2,car,0.676721453666687,683.761962890625,0.0,3825.27685546875,1815.1778564453125
data_raw/uc3m/train/01085.jpg,uc3m,train,0,2,car,0.9323670268058777,4386.28857421875,1148.4447021484375,5182.0126953125,2394.07373046875
data_raw/uc3m/train/01085.jpg,uc3m,train,1,2,car,0.8914341330528259,2426.922119140625,1293.1473388671875,3901.877685546875,2352.982177734375
data_raw/uc3m/train/01085.jpg,uc3m,train,2,2,car,0.8687305450439453,3765.25830078125,1237.0169677734375,4569.55078125,2102.051025390625
data_raw/uc3m/train/01085.jpg,uc3m,train,3,2,car,0.8342647552490234,638.3171997070312,1082.9097900390625,2493.759033203125,2546.90966796875
data_raw/uc3m/train/01085.jpg,uc3m,train,4,2,car,0.7958616614341736,0.7691699862480164,1096.976806640625,444.45513916015625,2316.09619140625
data_raw/uc3m/train/01085.jpg,uc3m,train,5,2,car,0.6419803500175476,90.35425567626953,1161.848388671875,622.4683837890625,2118.141357421875
data_raw/cv/Lateral/1663FLN.jpg,cv,train,0,2,car,0.36898699402809143,2.389801025390625,6.791322231292725,1160.6280517578125,947.3561401367188
data_raw/cv/Lateral/1663FLN.jpg,cv,train,1,67,cell phone,0.3481816053390503,436.5979919433594,34.179344177246094,3790.9248046875,1714.5960693359375
data_raw/cv/Lateral/1663FLN.jpg,cv,train,2,2,car,0.264085054397583,2.4728574752807617,4.049203395843506,1677.29248046875,956.7269287109375
data_raw/uc3m/train/01799.jpg,uc3m,train,0,2,car,0.9211326837539673,505.6024475097656,1283.8148193359375,2920.68701171875,3368.53662109375
